platform,app_rating,total_ratings,installs
Deliveroo,4.515625,1329862,"10,000,000+"
Just Eat,4.655963,92159,"1,000,000+"
Uber Eats,4.539924,6918515,"100,000,000+"
